{"step_list": [50, 100, 150, 200, 250, 300, 350, 400, 450, 500, 550, 600, 650, 700, 750, 800, 850, 900, 950, 1000, 1050, 1100, 1150, 1200, 1250, 1300, 1350, 1400, 1450, 1500, 1550, 1600, 1650, 1700, 1750, 1800, 1850, 1900, 1950, 2000, 2050, 2100, 2150, 2200, 2250, 2300, 2350, 2400, 2450, 2500, 2550, 2600, 2650, 2700, 2750, 2800, 2850, 2900, 2950, 3000, 3050, 3100, 3150, 3200, 3250, 3300, 3350, 3400, 3450, 3500, 3550, 3600, 3650, 3700, 3750, 3800, 3850, 3900, 3950, 4000, 4050, 4100, 4150, 4200, 4250, 4300, 4350, 4400, 4450, 4500, 4550, 4600, 4650, 4700, 4750, 4800, 4850, 4900, 4950, 5000, 5050, 5100, 5150, 5200, 5250, 5300, 5350, 5400, 5450, 5500, 5550, 5600, 5650, 5700, 5750, 5800], "loss_list": [469.0723876953125, 468.0125427246094, 456.04620361328125, 459.4109191894531, 454.439697265625, 458.5064392089844, 451.6401062011719, 455.1471252441406, 452.5315856933594, 449.3435974121094, 450.063720703125, 449.04754638671875, 444.55615234375, 453.7720642089844, 451.6842956542969, 450.2040710449219, 449.1911926269531, 442.1690979003906, 443.8100280761719, 447.53955078125, 446.70068359375, 449.7433776855469, 443.2749328613281, 447.53857421875, 444.91595458984375, 447.3907470703125, 446.5849304199219, 444.43994140625, 439.4839782714844, 440.8024597167969, 442.6163024902344, 441.5935363769531, 435.55731201171875, 441.84130859375, 439.2486572265625, 444.93218994140625, 440.3142395019531, 444.59979248046875, 440.41375732421875, 443.68963623046875, 433.7063293457031, 446.1799621582031, 437.0105285644531, 440.0019836425781, 443.8926696777344, 441.980712890625, 435.54449462890625, 436.06463623046875, 437.25860595703125, 436.0802917480469, 439.5786437988281, 439.44244384765625, 438.70855712890625, 438.3476257324219, 441.37518310546875, 437.4388122558594, 438.81024169921875, 438.7498779296875, 443.7816162109375, 443.8336181640625, 441.6548767089844, 440.70452880859375, 437.37689208984375, 435.9267272949219, 444.622314453125, 438.2752990722656, 438.91046142578125, 440.7171936035156, 437.4617614746094, 443.1824951171875, 442.0870361328125, 437.6090087890625, 433.34625244140625, 438.30755615234375, 437.26068115234375, 440.0322265625, 437.62225341796875, 434.43438720703125, 441.22601318359375, 438.3706970214844, 443.3697204589844, 440.4408874511719, 434.88470458984375, 435.8144836425781, 439.7524108886719, 439.7980041503906, 433.4525146484375, 440.80950927734375, 436.7147521972656, 442.39703369140625, 443.0489501953125, 436.8199157714844, 440.1213684082031, 440.9119873046875, 435.7911376953125, 436.5264892578125, 439.5066833496094, 438.4865417480469, 428.7073669433594, 440.77789306640625, 437.2132568359375, 435.67840576171875, 437.3922119140625, 439.1821594238281, 432.6795349121094, 437.632080078125, 436.1029968261719, 437.4653015136719, 428.26641845703125, 431.552978515625, 442.42816162109375, 429.1879577636719, 434.915283203125, 443.1436767578125, 434.73870849609375, 439.7626037597656], "val_step_list": [100, 200, 300, 400, 500, 600, 700, 800, 900, 1000, 1100, 1200, 1300, 1400, 1500, 1600, 1700, 1800, 1900, 2000, 2100, 2200, 2300, 2400, 2500, 2600, 2700, 2800, 2900, 3000, 3100, 3200, 3300, 3400, 3500, 3600, 3700, 3800, 3900, 4000, 4100, 4200, 4300, 4400, 4500, 4600, 4700, 4800, 4900, 5000, 5100, 5200, 5300, 5400, 5500, 5600, 5700], "val_loss_list": [478.8590393066406, 474.1136779785156, 469.4679260253906, 465.2250061035156, 462.9978942871094, 457.75, 455.2333984375, 452.9298400878906, 453.1734313964844, 450.81658935546875, 446.20880126953125, 445.31170654296875, 446.94647216796875, 447.128173828125, 442.92803955078125, 442.82781982421875, 442.86456298828125, 443.6553649902344, 442.57391357421875, 442.4388732910156, 441.16064453125, 441.22418212890625, 442.722900390625, 440.95166015625, 439.865234375, 439.5796813964844, 439.81732177734375, 440.5201110839844, 439.05743408203125, 440.09478759765625, 439.2950744628906, 438.13067626953125, 438.3977966308594, 438.5304260253906, 438.04962158203125, 438.1487731933594, 437.5389099121094, 437.91015625, 437.96502685546875, 437.29132080078125, 439.6077575683594, 436.85272216796875, 438.17987060546875, 436.37457275390625, 437.7782287597656, 437.2738342285156, 436.51739501953125, 436.4056701660156, 436.51129150390625, 436.3424377441406, 436.0193786621094, 435.47027587890625, 435.7342834472656, 437.19305419921875, 439.20355224609375, 435.672119140625, 436.14697265625]}