{"step_list": [50, 100, 150, 200, 250, 300, 350, 400, 450, 500, 550, 600, 650, 700, 750, 800, 850, 900, 950, 1000, 1050, 1100, 1150, 1200, 1250, 1300, 1350, 1400, 1450, 1500, 1550, 1600, 1650, 1700, 1750, 1800, 1850, 1900, 1950, 2000, 2050, 2100, 2150, 2200, 2250, 2300, 2350, 2400, 2450, 2500, 2550, 2600, 2650, 2700, 2750, 2800, 2850, 2900, 2950, 3000, 3050, 3100, 3150, 3200, 3250, 3300, 3350, 3400, 3450, 3500, 3550, 3600, 3650, 3700, 3750, 3800, 3850, 3900, 3950, 4000, 4050, 4100, 4150, 4200, 4250, 4300, 4350, 4400, 4450, 4500, 4550, 4600, 4650, 4700, 4750, 4800, 4850, 4900, 4950, 5000, 5050, 5100, 5150, 5200], "loss_list": [584.4363403320312, 543.8501586914062, 540.7661743164062, 534.4894409179688, 544.5559692382812, 530.1444702148438, 520.9974975585938, 524.8206787109375, 534.055419921875, 506.4178466796875, 520.2672119140625, 532.1052856445312, 520.7453002929688, 514.5003662109375, 526.7101440429688, 527.9312133789062, 504.80023193359375, 506.5609130859375, 508.4351501464844, 511.86065673828125, 499.7007751464844, 514.1180419921875, 492.0463562011719, 503.736328125, 509.5284118652344, 512.572509765625, 491.9195251464844, 496.15435791015625, 506.3993225097656, 493.1611328125, 491.5987854003906, 506.92083740234375, 495.9319763183594, 496.0016784667969, 493.61285400390625, 489.29339599609375, 494.6231384277344, 497.71331787109375, 484.7301330566406, 495.520751953125, 493.47210693359375, 488.8976135253906, 494.6104736328125, 483.2336730957031, 491.26788330078125, 483.1581115722656, 477.2610168457031, 485.73736572265625, 491.3135070800781, 483.0726318359375, 491.3514099121094, 474.7047424316406, 500.50823974609375, 493.6180419921875, 482.0437927246094, 490.3508605957031, 493.5562744140625, 494.6318054199219, 477.9212951660156, 476.0703125, 474.54296875, 481.4493713378906, 479.6757507324219, 480.1434326171875, 471.5864562988281, 480.4236755371094, 478.903564453125, 475.0111999511719, 471.59100341796875, 482.4267578125, 475.53045654296875, 473.216064453125, 488.97442626953125, 466.02520751953125, 475.8967590332031, 467.0102233886719, 473.9886779785156, 485.7141418457031, 477.2166748046875, 484.49273681640625, 486.4526062011719, 470.7084655761719, 483.3712158203125, 465.0908508300781, 465.9458312988281, 477.9444580078125, 468.07037353515625, 479.6006774902344, 470.8387756347656, 473.50341796875, 463.2799377441406, 466.96697998046875, 476.9212951660156, 472.96124267578125, 482.2198486328125, 490.86920166015625, 487.5454406738281, 466.2090759277344, 463.94866943359375, 463.3529357910156, 478.39044189453125, 458.1638488769531, 468.8702392578125, 459.5696716308594], "val_step_list": [100, 200, 300, 400, 500, 600, 700, 800, 900, 1000, 1100, 1200, 1300, 1400, 1500, 1600, 1700, 1800, 1900, 2000, 2100, 2200, 2300, 2400, 2500, 2600, 2700, 2800, 2900, 3000, 3100, 3200, 3300, 3400, 3500, 3600, 3700, 3800, 3900, 4000, 4100, 4200, 4300, 4400, 4500, 4600, 4700, 4800, 4900, 5000, 5100], "val_loss_list": [615.5892333984375, 610.9859008789062, 604.0652465820312, 617.0169677734375, 607.0066528320312, 614.9715576171875, 593.5442504882812, 588.0641479492188, 584.327392578125, 580.3761596679688, 556.4915771484375, 563.4241943359375, 560.6780395507812, 548.62109375, 552.7225341796875, 530.2906494140625, 515.6502685546875, 531.4971923828125, 519.5367431640625, 498.0045471191406, 496.75592041015625, 504.673828125, 487.676513671875, 495.08319091796875, 487.85479736328125, 494.03460693359375, 500.16766357421875, 480.78741455078125, 500.59320068359375, 483.114990234375, 484.7420959472656, 486.0265197753906, 476.8094787597656, 477.11712646484375, 474.59588623046875, 475.5298767089844, 487.52557373046875, 483.29644775390625, 478.66595458984375, 486.7854919433594, 469.8978576660156, 478.53265380859375, 469.71759033203125, 479.79010009765625, 476.95196533203125, 467.6856384277344, 468.8407287597656, 472.1787109375, 468.66815185546875, 468.06280517578125, 468.5406188964844]}